id,name,website,normalized_domain,industry,location,size_category,source_list,method,fallback_used,first_seen,last_seen
5504,Madison Glass Co,https://www.madisonglasscompany.com/,madisonglasscompany.com,furniture,"Nashville, TN",,"[""yellowpages""]",,,2025-10-08T05:43:41.476Z,2025-10-08T05:43:41.476Z
5505,Lynn's Patio Shop,https://lynnspatioshop.com/,lynnspatioshop.com,furniture,"Nashville, TN",,"[""yellowpages""]",,,2025-10-08T05:43:41.486Z,2025-10-08T05:43:41.486Z
5506,Mid State Door & Window Co,http://www.midstatedoorandwindow.com,midstatedoorandwindow.com,furniture,"Nashville, TN",,"[""yellowpages""]",,,2025-10-08T05:43:41.486Z,2025-10-08T05:43:41.486Z
5507,Facility Installation Services,http://www.fisnashville.com,fisnashville.com,furniture,"Nashville, TN",,"[""yellowpages""]",,,2025-10-08T05:43:41.487Z,2025-10-08T05:43:41.487Z
5508,Remix Furniture,http://www.remixfurniturestore.com,remixfurniturestore.com,furniture,"Nashville, TN",,"[""yellowpages""]",,,2025-10-08T05:43:41.487Z,2025-10-08T05:43:41.487Z
5509,Recreations Furniture,http://www.recreationsfurniture.com,recreationsfurniture.com,furniture,"Nashville, TN",,"[""yellowpages""]",,,2025-10-08T05:43:41.487Z,2025-10-08T05:43:41.487Z
5510,Two Danes,http://www.2danes.com,2danes.com,furniture,"Nashville, TN",,"[""yellowpages""]",,,2025-10-08T05:43:41.487Z,2025-10-08T05:43:41.487Z
5511,Sprintz Rug Gallery,http://www.sprintz.com,sprintz.com,furniture,"Nashville, TN",,"[""yellowpages""]",,,2025-10-08T05:43:41.487Z,2025-10-08T05:43:41.500Z
5512,Margi's Chair & Chair Alike,http://margischair.com,margischair.com,furniture,"Nashville, TN",,"[""yellowpages""]",,,2025-10-08T05:43:41.488Z,2025-10-08T05:43:41.488Z
5513,Restoration Hardware,http://restorationhardware.com,restorationhardware.com,furniture,"Nashville, TN",,"[""yellowpages""]",,,2025-10-08T05:43:41.489Z,2025-10-08T05:43:41.489Z
5514,West Elm,https://www.westelm.com/stores/us-tn-nashville-hill-center,westelm.com,furniture,"Nashville, TN",,"[""yellowpages""]",,,2025-10-08T05:43:41.489Z,2025-10-08T05:43:41.489Z
5515,Bliss Home,http://shopinbliss.com,shopinbliss.com,furniture,"Nashville, TN",,"[""yellowpages""]",,,2025-10-08T05:43:41.490Z,2025-10-08T05:43:41.490Z
5516,Oak Nashville,http://oaknashville.com,oaknashville.com,furniture,"Nashville, TN",,"[""yellowpages""]",,,2025-10-08T05:43:41.490Z,2025-10-08T05:43:41.490Z
5517,Crate & Barrel,https://www.crateandbarrel.com/stores/green-hills/str763,crateandbarrel.com,furniture,"Nashville, TN",,"[""yellowpages""]",,,2025-10-08T05:43:41.490Z,2025-10-08T05:43:41.490Z
5518,Margi's Furniture & Design,https://www.furniturestoreinnashville.com,furniturestoreinnashville.com,furniture,"Nashville, TN",,"[""yellowpages""]",,,2025-10-08T05:43:41.491Z,2025-10-08T05:43:41.491Z
5519,Vandyke,https://vandyke.hotelsinashville.com/it,vandyke.hotelsinashville.com,furniture,"Nashville, TN",,"[""yellowpages""]",,,2025-10-08T05:43:41.491Z,2025-10-08T05:43:41.491Z
5520,Ashley HomeStore,https://www.ashleyfurniturehomestore.com,ashleyfurniturehomestore.com,furniture,"Nashville, TN",,"[""yellowpages""]",,,2025-10-08T05:43:41.492Z,2025-10-08T05:43:41.492Z
5521,RH Nashville | The Gallery at Green Hills,https://rh.com/Nashville,rh.com,furniture,"Nashville, TN",,"[""yellowpages""]",,,2025-10-08T05:43:41.492Z,2025-10-08T05:43:41.492Z
5522,Lovesac,http://www.lovesac.com,lovesac.com,furniture,"Nashville, TN",,"[""yellowpages""]",,,2025-10-08T05:43:41.492Z,2025-10-08T05:43:41.492Z
5523,Furniture By Steve,http://furniturebysteve.com,furniturebysteve.com,furniture,"Nashville, TN",,"[""yellowpages""]",,,2025-10-08T05:43:41.493Z,2025-10-08T05:43:41.493Z
5524,Design Within Reach,http://dwr.com,dwr.com,furniture,"Nashville, TN",,"[""yellowpages""]",,,2025-10-08T05:43:41.493Z,2025-10-08T05:43:41.493Z
5525,Parachute Home Inc,https://www.parachutehome.com,parachutehome.com,furniture,"Nashville, TN",,"[""yellowpages""]",,,2025-10-08T05:43:41.493Z,2025-10-08T05:43:41.493Z
5526,DJ Wootson,https://www.titusyoungrealestate.com,titusyoungrealestate.com,furniture,"Nashville, TN",,"[""yellowpages""]",,,2025-10-08T05:43:41.494Z,2025-10-08T05:43:41.494Z
5527,Kidd Epps Art Shop,http://kiddepps.com,kiddepps.com,furniture,"Nashville, TN",,"[""yellowpages""]",,,2025-10-08T05:43:41.494Z,2025-10-08T05:43:41.494Z
5528,Furniture Row,https://www.furniturerow.com/sale?utm_source=FurnitureRowYP&utm_medium=cpc&utm_campaign=FR,furniturerow.com,furniture,"Nashville, TN",,"[""yellowpages""]",,,2025-10-08T05:43:41.494Z,2025-10-08T05:43:41.494Z
5529,Mattress Gallery Direct,https://www.mattressgallerydirect.com/,mattressgallerydirect.com,furniture,"Nashville, TN",,"[""yellowpages""]",,,2025-10-08T05:43:41.494Z,2025-10-08T05:43:41.494Z
5530,Nouveau Classics,http://www.nouveauclassics.com,nouveauclassics.com,furniture,"Nashville, TN",,"[""yellowpages""]",,,2025-10-08T05:43:41.494Z,2025-10-08T05:43:41.494Z
5531,Coco Co Home Inc,https://cococohome.com/contact-us,cococohome.com,furniture,"Nashville, TN",,"[""yellowpages""]",,,2025-10-08T05:43:41.494Z,2025-10-08T05:43:41.494Z
5532,Magnolia,http://my.vanderbilt.edu/trees/2015/10/magnolia-lawn,my.vanderbilt.edu,furniture,"Nashville, TN",,"[""yellowpages""]",,,2025-10-08T05:43:41.494Z,2025-10-08T05:43:41.494Z
5533,The Velvet Shoestring,http://thevelvetshoestringinc.com,thevelvetshoestringinc.com,furniture,"Nashville, TN",,"[""yellowpages""]",,,2025-10-08T05:43:41.495Z,2025-10-08T05:43:41.495Z
5534,Masaya & Co,https://www.masayacompany.com/pages/contact-us,masayacompany.com,furniture,"Nashville, TN",,"[""yellowpages""]",,,2025-10-08T05:43:41.495Z,2025-10-08T05:43:41.495Z
5535,Apple & Oak,https://appleandoaknash.com/pages/about-us,appleandoaknash.com,furniture,"Nashville, TN",,"[""yellowpages""]",,,2025-10-08T05:43:41.495Z,2025-10-08T05:43:41.495Z
5536,Norwalk Furniture,http://www.norwalkfurniture.com,norwalkfurniture.com,furniture,"Nashville, TN",,"[""yellowpages""]",,,2025-10-08T05:43:41.495Z,2025-10-08T05:43:41.495Z
5537,Merridian,http://www.merridian.com,merridian.com,furniture,"Nashville, TN",,"[""yellowpages""]",,,2025-10-08T05:43:41.495Z,2025-10-08T05:43:41.495Z
5538,Southern Maple Co,http://www.southernmapleco.com,southernmapleco.com,furniture,"Nashville, TN",,"[""yellowpages""]",,,2025-10-08T05:43:41.495Z,2025-10-08T05:43:41.495Z
5539,1st Chance Mattress & More,http://www.1and2furniture.com,1and2furniture.com,furniture,"Nashville, TN",,"[""yellowpages""]",,,2025-10-08T05:43:41.495Z,2025-10-08T05:43:41.495Z
5540,Social Furniture,https://mysocialfurniture.com/location,mysocialfurniture.com,furniture,"Nashville, TN",,"[""yellowpages""]",,,2025-10-08T05:43:41.496Z,2025-10-08T05:43:41.496Z
5541,Z Gallerie,http://www.zgallerie.com,zgallerie.com,furniture,"Nashville, TN",,"[""yellowpages""]",,,2025-10-08T05:43:41.496Z,2025-10-08T05:43:41.496Z
5542,Carl's Corner,http://redirect.singleapi.com/?trackingId=sp-l1844420-t1-p17-rMNQXE3DTFVRW64TOMVZC2NA=,redirect.singleapi.com,furniture,"Nashville, TN",,"[""yellowpages""]",,,2025-10-08T05:43:41.496Z,2025-10-08T05:43:41.496Z
5543,Furnish 123,http://furnish123nashville.com,furnish123nashville.com,furniture,"Nashville, TN",,"[""yellowpages""]",,,2025-10-08T05:43:41.496Z,2025-10-08T05:43:41.496Z
5544,Epiphany Design Studio,http://www.epiphanynashville.com,epiphanynashville.com,furniture,"Nashville, TN",,"[""yellowpages""]",,,2025-10-08T05:43:41.496Z,2025-10-08T05:43:41.496Z
5545,Ingenuity Shop Inc,http://marathonvillage.net,marathonvillage.net,furniture,"Nashville, TN",,"[""yellowpages""]",,,2025-10-08T05:43:41.496Z,2025-10-08T05:43:41.496Z
5546,World Market,http://www.worldmarket.com,worldmarket.com,furniture,"Nashville, TN",,"[""yellowpages""]",,,2025-10-08T05:43:41.497Z,2025-10-08T05:43:41.497Z
5547,Nadeau,http://furniturewithasoul.com,furniturewithasoul.com,furniture,"Nashville, TN",,"[""yellowpages""]",,,2025-10-08T05:43:41.497Z,2025-10-08T05:43:41.497Z
5548,Karmal-Skillington Nashville,http://www.karmalskillington.com,karmalskillington.com,furniture,"Nashville, TN",,"[""yellowpages""]",,,2025-10-08T05:43:41.498Z,2025-10-08T05:43:41.498Z
5549,Just Furniture,http://www.justfurniture.net,justfurniture.net,furniture,"Nashville, TN",,"[""yellowpages""]",,,2025-10-08T05:43:41.498Z,2025-10-08T05:43:41.498Z
5550,Summer Classics,http://summerclassics.com/sc-stores/nashville,summerclassics.com,furniture,"Nashville, TN",,"[""yellowpages""]",,,2025-10-08T05:43:41.498Z,2025-10-08T05:43:41.498Z
5551,Kirkland's,http://kirklands.com,kirklands.com,furniture,"Nashville, TN",,"[""yellowpages""]",,,2025-10-08T05:43:41.499Z,2025-10-08T05:43:41.499Z
5552,Downtown Antique Mall,http://antiquemalls.com,antiquemalls.com,furniture,"Nashville, TN",,"[""yellowpages""]",,,2025-10-08T05:43:41.499Z,2025-10-08T05:43:41.499Z
5553,Mattress King,https://mattresskingonline.com,mattresskingonline.com,furniture,"Nashville, TN",,"[""yellowpages""]",,,2025-10-08T05:43:41.499Z,2025-10-08T05:43:41.571Z
5554,Southeastern Salvage,http://www.southeasternsalvage.com,southeasternsalvage.com,furniture,"Nashville, TN",,"[""yellowpages""]",,,2025-10-08T05:43:41.500Z,2025-10-08T05:43:41.500Z
5555,Mark's Mattress Outlet,https://marksmattress.com/stores/tennessee/nashville-nolensville,marksmattress.com,furniture,"Nashville, TN",,"[""yellowpages""]",,,2025-10-08T05:43:41.500Z,2025-10-08T05:43:41.500Z
5556,Bennett Galleries,http://www.bennettgalleriesnashville.com,bennettgalleriesnashville.com,furniture,"Nashville, TN",,"[""yellowpages""]",,,2025-10-08T05:43:41.500Z,2025-10-08T05:43:41.500Z
5557,Purple - Mall at Green Hills,https://www.purple.com/stores/tennessee/nashville/purple-nashville-37215-tn-01,purple.com,furniture,"Nashville, TN",,"[""yellowpages""]",,,2025-10-08T05:43:41.500Z,2025-10-08T05:43:41.570Z
5558,Pottery Barn,https://www.potterybarn.com/stores/us-tn-nashville-hill-center,potterybarn.com,furniture,"Nashville, TN",,"[""yellowpages""]",,,2025-10-08T05:43:41.500Z,2025-10-08T05:43:41.500Z
5559,At Home,https://www.athome.com/store/tennessee-nashville-west,athome.com,furniture,"Nashville, TN",,"[""yellowpages""]",,,2025-10-08T05:43:41.500Z,2025-10-08T05:43:41.500Z
5560,HomeGoods,http://www.homegoods.com,homegoods.com,furniture,"Nashville, TN",,"[""yellowpages""]",,,2025-10-08T05:43:41.500Z,2025-10-08T05:43:41.500Z
5561,Peacock Alley,https://www.peacockalley.com,peacockalley.com,furniture,"Nashville, TN",,"[""yellowpages""]",,,2025-10-08T05:43:41.500Z,2025-10-08T05:43:41.500Z
5562,Relax The Back,http://www.relaxtheback.com,relaxtheback.com,furniture,"Nashville, TN",,"[""yellowpages""]",,,2025-10-08T05:43:41.501Z,2025-10-08T05:43:41.501Z
5563,Facility Planners Inc,http://fpifurniture.com,fpifurniture.com,furniture,"Nashville, TN",,"[""yellowpages""]",,,2025-10-08T05:43:41.501Z,2025-10-08T05:43:41.501Z
5564,Dekalbe Office,https://www.dekalboffice.com,dekalboffice.com,furniture,"Nashville, TN",,"[""yellowpages""]",,,2025-10-08T05:43:41.501Z,2025-10-08T05:43:41.501Z
5565,Atlantic Bedding and Furniture,http://atlanticbeddingandfurniture.com,atlanticbeddingandfurniture.com,furniture,"Nashville, TN",,"[""yellowpages""]",,,2025-10-08T05:43:41.501Z,2025-10-08T05:43:41.501Z
5566,American Paper & Twine,http://www.shopapt.com,shopapt.com,furniture,"Nashville, TN",,"[""yellowpages""]",,,2025-10-08T05:43:41.501Z,2025-10-08T05:43:41.569Z
5567,Nashville Office Interiors,https://noifurniture.com,noifurniture.com,furniture,"Nashville, TN",,"[""yellowpages""]",,,2025-10-08T05:43:41.501Z,2025-10-08T05:43:41.567Z
5568,HST Corporate Interiors,https://hstcorporateinteriors.com/contact-us,hstcorporateinteriors.com,furniture,"Nashville, TN",,"[""yellowpages""]",,,2025-10-08T05:43:41.501Z,2025-10-08T05:43:41.501Z
5569,Recreations Home,http://www.recreationshome.com,recreationshome.com,furniture,"Nashville, TN",,"[""yellowpages""]",,,2025-10-08T05:43:41.502Z,2025-10-08T05:43:41.502Z
5570,Furniture Wholesale Plus,http://furniturewholesalenashville.com,furniturewholesalenashville.com,furniture,"Nashville, TN",,"[""yellowpages""]",,,2025-10-08T05:43:41.502Z,2025-10-08T05:43:41.502Z
5571,Ndi Furniture,http://ndiof.com,ndiof.com,furniture,"Nashville, TN",,"[""yellowpages""]",,,2025-10-08T05:43:41.502Z,2025-10-08T05:43:41.567Z
5572,First & 2nd Chance Furniture,http://1and2chancefurniture.com,1and2chancefurniture.com,furniture,"Nashville, TN",,"[""yellowpages""]",,,2025-10-08T05:43:41.562Z,2025-10-08T05:43:41.562Z
5573,Siesta Sleep,http://shopsiesta.com,shopsiesta.com,furniture,"Nashville, TN",,"[""yellowpages""]",,,2025-10-08T05:43:41.563Z,2025-10-08T05:43:41.563Z
5574,Sams Appliance,http://sanders-furniture.com,sanders-furniture.com,furniture,"Nashville, TN",,"[""yellowpages""]",,,2025-10-08T05:43:41.564Z,2025-10-08T05:43:41.564Z
5575,Nashville Glass Co Inc,http://www.nashville.glass,nashville.glass,furniture,"Nashville, TN",,"[""yellowpages""]",,,2025-10-08T05:43:41.564Z,2025-10-08T05:43:41.564Z
5576,Mattress Firm,http://mattressfirm.com,mattressfirm.com,furniture,"Nashville, TN",,"[""yellowpages""]",,,2025-10-08T05:43:41.564Z,2025-10-08T05:43:41.564Z
5577,Tempur-Pedic Flagship Store,https://www.tempurpedic.com/tempur-pedic-stores/tempur-pedic-green-hills/?utm_source=ExtNet&utm_medium=Yext&y_source=1_MjUwMjYyNjgtNTUzLWxvY2F0aW9uLndlYnNpdGU%3D,tempurpedic.com,furniture,"Nashville, TN",,"[""yellowpages""]",,,2025-10-08T05:43:41.565Z,2025-10-08T05:43:41.565Z
5578,Sleep Outfitters,https://www.sleepoutfitters.com,sleepoutfitters.com,furniture,"Nashville, TN",,"[""yellowpages""]",,,2025-10-08T05:43:41.565Z,2025-10-08T05:43:41.566Z
5579,Gabriella White,https://gabriellawhite.com/pages/stores/nashville,gabriellawhite.com,furniture,"Nashville, TN",,"[""yellowpages""]",,,2025-10-08T05:43:41.566Z,2025-10-08T05:43:41.566Z
5580,Thompson Furniture Outlet,http://nashvillefurnitureoutlets.us,nashvillefurnitureoutlets.us,furniture,"Nashville, TN",,"[""yellowpages""]",,,2025-10-08T05:43:41.566Z,2025-10-08T05:43:41.566Z
5581,NashCo Furniture & Mattress Store,https://nashcofurniture.com,nashcofurniture.com,furniture,"Nashville, TN",,"[""yellowpages""]",,,2025-10-08T05:43:41.566Z,2025-10-08T05:43:41.566Z
5582,Arhaus,https://www.arhaus.com/pages/nashville-tn,arhaus.com,furniture,"Nashville, TN",,"[""yellowpages""]",,,2025-10-08T05:43:41.567Z,2025-10-08T05:43:41.567Z
5583,Sleep Number Store,https://www.sleepnumber.com/stores/tn/nashville/4048-hillsboro-pike,sleepnumber.com,furniture,"Nashville, TN",,"[""yellowpages""]",,,2025-10-08T05:43:41.567Z,2025-10-08T05:43:41.567Z
5584,Nashville Design Collective,http://www.nashvilledesigncollective.com,nashvilledesigncollective.com,furniture,"Nashville, TN",,"[""yellowpages""]",,,2025-10-08T05:43:41.568Z,2025-10-08T05:43:41.568Z
5585,Julie Couch Interiors,http://www.juliecouch.com,juliecouch.com,furniture,"Nashville, TN",,"[""yellowpages""]",,,2025-10-08T05:43:41.568Z,2025-10-08T05:43:41.568Z
5586,Staples,https://stores.staples.com/tn/nashville/100-powell-place,stores.staples.com,furniture,"Nashville, TN",,"[""yellowpages""]",,,2025-10-08T05:43:41.568Z,2025-10-08T05:43:41.568Z
5587,Goodwill Corporate Office,http://www.goodwill.org,goodwill.org,furniture,"Nashville, TN",,"[""yellowpages""]",,,2025-10-08T05:43:41.568Z,2025-10-08T05:43:41.569Z
5588,Pottery Barn Kids,https://www.potterybarnkids.com/stores/us-tn-nashville-hill-center,potterybarnkids.com,furniture,"Nashville, TN",,"[""yellowpages""]",,,2025-10-08T05:43:41.568Z,2025-10-08T05:43:41.568Z
5589,OfficeMax,https://www.officedepot.com/storelocator/tn/nashville/officemax-6762,officedepot.com,furniture,"Nashville, TN",,"[""yellowpages""]",,,2025-10-08T05:43:41.569Z,2025-10-08T05:43:41.569Z
5590,Bedzzz Express,https://bedzzzexpress.com,bedzzzexpress.com,furniture,"Nashville, TN",,"[""yellowpages""]",,,2025-10-08T05:43:41.569Z,2025-10-08T05:43:41.569Z
5591,GasLamp Too,http://gaslampantiques.com,gaslampantiques.com,furniture,"Nashville, TN",,"[""yellowpages""]",,,2025-10-08T05:43:41.569Z,2025-10-08T05:43:41.569Z
5592,Morgan Drapery & Upholstery,http://www.morganupholsterytn.com,morganupholsterytn.com,furniture,"Nashville, TN",,"[""yellowpages""]",,,2025-10-08T05:43:41.569Z,2025-10-08T05:43:41.569Z
5593,Dear Addie Fine Stationery,http://www.dearaddie.net,dearaddie.net,furniture,"Nashville, TN",,"[""yellowpages""]",,,2025-10-08T05:43:41.569Z,2025-10-08T05:43:41.569Z
5594,Littlebranch Farm,http://littlebranchfarm.com,littlebranchfarm.com,furniture,"Nashville, TN",,"[""yellowpages""]",,,2025-10-08T05:43:41.569Z,2025-10-08T05:43:41.569Z
5595,Sawdust & Whiskey,http://sawdustandwhiskey.com,sawdustandwhiskey.com,furniture,"Nashville, TN",,"[""yellowpages""]",,,2025-10-08T05:43:41.570Z,2025-10-08T05:43:41.570Z
5596,R J Young Company,https://www.rjyoung.com,rjyoung.com,furniture,"Nashville, TN",,"[""yellowpages""]",,,2025-10-08T05:43:41.570Z,2025-10-08T05:43:41.570Z
5597,Goodwill Outlet Store,http://www.giveit2goodwill.org,giveit2goodwill.org,furniture,"Nashville, TN",,"[""yellowpages""]",,,2025-10-08T05:43:41.570Z,2025-10-08T05:43:41.571Z
5598,Naturepedic Organic Mattress Store Nashville,https://stores.naturepedic.com/tn/nashville/hillsboro-pike.html,stores.naturepedic.com,furniture,"Nashville, TN",,"[""yellowpages""]",,,2025-10-08T05:43:41.570Z,2025-10-08T05:43:41.570Z
5599,Designers Gallary Inc,http://www.designersgallery.biz,designersgallery.biz,furniture,"Nashville, TN",,"[""yellowpages""]",,,2025-10-08T05:43:41.570Z,2025-10-08T05:43:41.570Z
5600,Manoirs Nashville,https://www.manoirsnashville.com,manoirsnashville.com,furniture,"Nashville, TN",,"[""yellowpages""]",,,2025-10-08T05:43:41.570Z,2025-10-08T05:43:41.570Z
5601,Color Inc,https://colorathome.com,colorathome.com,furniture,"Nashville, TN",,"[""yellowpages""]",,,2025-10-08T05:43:41.570Z,2025-10-08T05:43:41.570Z
5602,Thelamkin Group,https://championsalesandlease.com/store-locations,championsalesandlease.com,furniture,"Nashville, TN",,"[""yellowpages""]",,,2025-10-08T05:43:41.570Z,2025-10-08T05:43:41.570Z
5603,Cost Plus World Market,http://stores.worldmarket.com/tn/nashville/6728-charlotte-pike.html,stores.worldmarket.com,furniture,"Nashville, TN",,"[""yellowpages""]",,,2025-10-08T05:43:41.570Z,2025-10-08T05:43:41.570Z
5604,Two For Home,http://www.twoforhome.com,twoforhome.com,furniture,"Nashville, TN",,"[""yellowpages""]",,,2025-10-08T05:43:41.570Z,2025-10-08T05:43:41.570Z
5605,Annali Interiors,https://annaliinteriors.squarespace.com/contact,annaliinteriors.squarespace.com,furniture,"Nashville, TN",,"[""yellowpages""]",,,2025-10-08T05:43:41.570Z,2025-10-08T05:43:41.570Z
5606,Rgs By Shahin,http://mohseninimports.com,mohseninimports.com,furniture,"Nashville, TN",,"[""yellowpages""]",,,2025-10-08T05:43:41.570Z,2025-10-08T05:43:41.570Z
5607,Sams Furniture And Mattress Gallery,http://samsfurniture.com,samsfurniture.com,furniture,"Nashville, TN",,"[""yellowpages""]",,,2025-10-08T05:43:41.570Z,2025-10-08T05:43:41.570Z
5608,Mid South Business Furniture Inc-,http://midsouthbusinessfurniture.com,midsouthbusinessfurniture.com,furniture,"Nashville, TN",,"[""yellowpages""]",,,2025-10-08T05:43:41.571Z,2025-10-08T05:43:41.571Z
5609,Furniture Medic,http://www.furnituremedic.com,furnituremedic.com,furniture,"Nashville, TN",,"[""yellowpages""]",,,2025-10-08T05:43:41.571Z,2025-10-08T05:43:41.571Z
5610,G.L.M. Office Furniture,http://www.glmofficefurniture.com,glmofficefurniture.com,furniture,"Nashville, TN",,"[""yellowpages""]",,,2025-10-08T05:43:41.571Z,2025-10-08T05:43:41.571Z
5611,Bella Linea,http://www.bellalinea.com,bellalinea.com,furniture,"Nashville, TN",,"[""yellowpages""]",,,2025-10-08T05:43:41.571Z,2025-10-08T05:43:41.571Z
5612,OfficeMax,http://www.officemax.com,officemax.com,furniture,"Nashville, TN",,"[""yellowpages""]",,,2025-10-08T05:43:41.571Z,2025-10-08T05:43:41.571Z
5613,Xmc Inc of Middle Tennessee,http://xmcinc.com,xmcinc.com,furniture,"Nashville, TN",,"[""yellowpages""]",,,2025-10-08T05:43:41.571Z,2025-10-08T05:43:41.571Z
5614,Stevens John Upholstery,http://www.johnstevensupholstery.com,johnstevensupholstery.com,furniture,"Nashville, TN",,"[""yellowpages""]",,,2025-10-08T05:43:41.572Z,2025-10-08T05:43:41.572Z
5615,Legacy Buiding,http://www.legacybuilding.com,legacybuilding.com,furniture,"Nashville, TN",,"[""yellowpages""]",,,2025-10-08T05:43:41.572Z,2025-10-08T05:43:41.572Z
5616,smArtworks,http://www.smartworksonline.net,smartworksonline.net,furniture,"Nashville, TN",,"[""yellowpages""]",,,2025-10-08T05:43:41.572Z,2025-10-08T05:43:41.572Z
5617,Ai Corporate Interiors Inc,http://www.aicorporateinteriors.com,aicorporateinteriors.com,furniture,"Nashville, TN",,"[""yellowpages""]",,,2025-10-08T05:43:41.572Z,2025-10-08T05:43:41.572Z
5618,Synergy Business Environments,http://synergybe.com,synergybe.com,furniture,"Nashville, TN",,"[""yellowpages""]",,,2025-10-08T05:43:41.572Z,2025-10-08T05:43:41.572Z
5619,Office Furniture & Related,http://www.nashvilleofficefurniture.com,nashvilleofficefurniture.com,furniture,"Nashville, TN",,"[""yellowpages""]",,,2025-10-08T05:43:41.572Z,2025-10-08T05:43:41.572Z
5620,Just Plane Wood,http://www.justplanewood.com,justplanewood.com,furniture,"Nashville, TN",,"[""yellowpages""]",,,2025-10-08T05:43:41.572Z,2025-10-08T05:43:41.572Z
5621,Gaertner Cabinet Co,http://www.gaertnercc.com,gaertnercc.com,furniture,"Nashville, TN",,"[""yellowpages""]",,,2025-10-08T05:43:41.572Z,2025-10-08T05:43:41.572Z
5622,Fond Object,http://www.fondobjectrecords.com,fondobjectrecords.com,furniture,"Nashville, TN",,"[""yellowpages""]",,,2025-10-08T05:43:41.572Z,2025-10-08T05:43:41.572Z
5623,Interiors International Inc,http://www.interiorintl.com/contact.html,interiorintl.com,furniture,"Nashville, TN",,"[""yellowpages""]",,,2025-10-08T05:43:41.572Z,2025-10-08T05:43:41.572Z
5624,Systems Group,http://systemsgroupllc.com,systemsgroupllc.com,furniture,"Nashville, TN",,"[""yellowpages""]",,,2025-10-08T05:43:41.573Z,2025-10-08T05:43:41.573Z
5625,UpDesk,https://myupdesk.com,myupdesk.com,furniture,"Nashville, TN",,"[""yellowpages""]",,,2025-10-08T05:43:41.573Z,2025-10-08T05:43:41.573Z
5626,A&W Custom Millwork & Upholstery,https://awnash.com/about,awnash.com,furniture,"Nashville, TN",,"[""yellowpages""]",,,2025-10-08T05:43:41.573Z,2025-10-08T05:43:41.573Z
5627,Staples,http://www.staples.com,staples.com,furniture,"Nashville, TN",,"[""yellowpages""]",,,2025-10-08T05:43:41.573Z,2025-10-08T05:43:41.573Z
5628,Dugan & Foster,https://www.duganandfoster.com/designers,duganandfoster.com,furniture,"Nashville, TN",,"[""yellowpages""]",,,2025-10-08T05:43:41.573Z,2025-10-08T05:43:41.573Z
5629,Arlen Terminals Inc,http://www.atipos.com,atipos.com,furniture,"Nashville, TN",,"[""yellowpages""]",,,2025-10-08T05:43:41.573Z,2025-10-08T05:43:41.573Z
5630,J & D Restoration,https://www.jdsupholstery.com/about.html,jdsupholstery.com,furniture,"Nashville, TN",,"[""yellowpages""]",,,2025-10-08T05:43:41.573Z,2025-10-08T05:43:41.573Z
5631,Leather Repair Specialist,http://www.italianleatherrestoration.com,italianleatherrestoration.com,furniture,"Nashville, TN",,"[""yellowpages""]",,,2025-10-08T05:43:41.573Z,2025-10-08T05:43:41.573Z
7244,Associated Roofing,https://associatedroofing.net/,associatedroofing.net,siding,"Nashville, TN",,"[""yellowpages""]",,,2025-10-08T06:07:13.877Z,2025-10-08T06:07:13.877Z
7245,Mike Roy Roofing Company,http://www.mikeroyroofing.com/,mikeroyroofing.com,siding,"Nashville, TN",,"[""yellowpages""]",,,2025-10-08T06:07:13.878Z,2025-10-08T06:07:13.878Z
7246,Clinard Home Improvement,http://www.clinardhome.com,clinardhome.com,siding,"Nashville, TN",,"[""yellowpages""]",,,2025-10-08T06:07:13.878Z,2025-10-08T06:07:13.878Z
7247,ABCO Roofing,https://www.abcoroofingtn.com,abcoroofingtn.com,siding,"Nashville, TN",,"[""yellowpages""]",,,2025-10-08T06:07:13.878Z,2025-10-08T06:07:13.880Z
7248,Mr. Roof Nashville,https://www.mrroof.com/nashville,mrroof.com,siding,"Nashville, TN",,"[""yellowpages""]",,,2025-10-08T06:07:13.879Z,2025-10-08T06:07:13.879Z
7249,Window World of Middle Tennessee,https://www.nashvillereplacementwindows.com,nashvillereplacementwindows.com,siding,"Nashville, TN",,"[""yellowpages""]",,,2025-10-08T06:07:13.879Z,2025-10-08T06:07:13.879Z
7250,Pinnacle Home Improvements,https://pinnaclehomeimprovements.com/tennessee/nashville,pinnaclehomeimprovements.com,siding,"Nashville, TN",,"[""yellowpages""]",,,2025-10-08T06:07:13.879Z,2025-10-08T06:07:13.879Z
7251,American Home Design,http://www.americanhomedesign.com,americanhomedesign.com,siding,"Nashville, TN",,"[""yellowpages""]",,,2025-10-08T06:07:13.879Z,2025-10-08T06:07:13.879Z
7252,Dale Insulation,https://www.truteam.com/branches/tn/nashville/634/?utm_source=extnet&utm_medium=Yext,truteam.com,siding,"Nashville, TN",,"[""yellowpages""]",,,2025-10-08T06:07:13.879Z,2025-10-08T06:07:13.879Z
7253,Dream Home Restoration LLC.,http://www.dreamhomerestoration.com,dreamhomerestoration.com,siding,"Nashville, TN",,"[""yellowpages""]",,,2025-10-08T06:07:13.879Z,2025-10-08T06:07:13.879Z
7254,My Home Restoration,https://www.myrestorationhomes.com,myrestorationhomes.com,siding,"Nashville, TN",,"[""yellowpages""]",,,2025-10-08T06:07:13.879Z,2025-10-08T06:07:13.879Z
7255,Savjin Construction,https://siding-nashvilletn.com,siding-nashvilletn.com,siding,"Nashville, TN",,"[""yellowpages""]",,,2025-10-08T06:07:13.879Z,2025-10-08T06:07:13.879Z
7256,Mid-South Aluminum Co Inc,http://www.midsouthexteriors.com,midsouthexteriors.com,siding,"Nashville, TN",,"[""yellowpages""]",,,2025-10-08T06:07:13.879Z,2025-10-08T06:07:13.880Z
7257,MidSouth Construction,https://www.roofingbymidsouth.com,roofingbymidsouth.com,siding,"Nashville, TN",,"[""yellowpages""]",,,2025-10-08T06:07:13.879Z,2025-10-08T06:07:13.879Z
7258,Aspen Contracting Inc.,http://www.roofsbyaspen.com/nashville,roofsbyaspen.com,siding,"Nashville, TN",,"[""yellowpages""]",,,2025-10-08T06:07:13.879Z,2025-10-08T06:07:13.879Z
7259,Window WRLD Nshvlle Mddle Tenn,https://www.windowworld.com/stores/tennessee/nashville,windowworld.com,siding,"Nashville, TN",,"[""yellowpages""]",,,2025-10-08T06:07:13.879Z,2025-10-08T06:07:13.879Z
7260,Window Nation,https://www.windownation.com/tn/nashville/nashville-tennessee-237-ellery-court?utm_code=CMP-08802-Y8W8G&utm_source=google&utm_medium=organic&utm_content=GMB_showroom,windownation.com,siding,"Nashville, TN",,"[""yellowpages""]",,,2025-10-08T06:07:13.880Z,2025-10-08T06:07:13.880Z
7261,RTM Roofing,https://rtmroofing.com,rtmroofing.com,siding,"Nashville, TN",,"[""yellowpages""]",,,2025-10-08T06:07:13.880Z,2025-10-08T06:07:13.880Z
7262,Elite Roofing,http://www.eliteroofingofnashville.com/HomePage.htm,eliteroofingofnashville.com,siding,"Nashville, TN",,"[""yellowpages""]",,,2025-10-08T06:07:13.880Z,2025-10-08T06:07:13.880Z
7263,Heartland Roofing,http://www.heartlandroofing.com,heartlandroofing.com,siding,"Nashville, TN",,"[""yellowpages""]",,,2025-10-08T06:07:13.880Z,2025-10-08T06:07:13.880Z
7264,Summit Roofing of Nashville,https://www.summitroof.net,summitroof.net,siding,"Nashville, TN",,"[""yellowpages""]",,,2025-10-08T06:07:13.880Z,2025-10-08T06:07:13.880Z
7265,Stratton Exteriors,https://www.strattonexteriors.com,strattonexteriors.com,siding,"Nashville, TN",,"[""yellowpages""]",,,2025-10-08T06:07:13.880Z,2025-10-08T06:07:13.880Z
7266,Eenigenburg Exteriors TN,https://www.eburgexteriors.com/hermitage-tn,eburgexteriors.com,siding,"Nashville, TN",,"[""yellowpages""]",,,2025-10-08T06:07:13.880Z,2025-10-08T06:07:13.880Z
7267,Sears Home Improvement Roofing Systems,https://www.searshomeservices.com/improve/roofing-replacement?SID=5304&PID=11&utm_source=iyp&utm_medium=iyp&utm_campaign=Roofing,searshomeservices.com,siding,"Nashville, TN",,"[""yellowpages""]",,,2025-10-08T06:07:13.880Z,2025-10-08T06:07:13.880Z
7268,Quality Rrc Inc,http://www.qualityrrc.com,qualityrrc.com,siding,"Nashville, TN",,"[""yellowpages""]",,,2025-10-08T06:07:13.880Z,2025-10-08T06:07:13.880Z
7269,Eagle Seamless Gutters Plus,http://eagleseamless.wix.com/eagleseamlessgutters,eagleseamless.wix.com,siding,"Nashville, TN",,"[""yellowpages""]",,,2025-10-08T06:07:13.880Z,2025-10-08T06:07:13.880Z
7270,Roof Doctors,http://www.roofdoctorstn.com,roofdoctorstn.com,siding,"Nashville, TN",,"[""yellowpages""]",,,2025-10-08T06:07:13.880Z,2025-10-08T06:07:13.883Z
7271,Kanga Roofing Inc,http://www.kanga-roofing.com,kanga-roofing.com,siding,"Nashville, TN",,"[""yellowpages""]",,,2025-10-08T06:07:13.881Z,2025-10-08T06:07:13.881Z
7272,Accurate Roofs,http://www.accurateroofs.com,accurateroofs.com,siding,"Nashville, TN",,"[""yellowpages""]",,,2025-10-08T06:07:13.881Z,2025-10-08T06:07:13.881Z
7273,Old Hickory Roofing & Siding,https://timleeperroofing.com/contact-us,timleeperroofing.com,siding,"Nashville, TN",,"[""yellowpages""]",,,2025-10-08T06:07:13.881Z,2025-10-08T06:07:13.881Z
7274,Dominion Siding Inc,http://dominionsiding.com,dominionsiding.com,siding,"Nashville, TN",,"[""yellowpages""]",,,2025-10-08T06:07:13.881Z,2025-10-08T06:07:13.881Z
7275,Above All Roofing and Siding,http://c.ypcdn.com/2/c/rtd?vrid=3v7qbvk1qs&rid=83e297c8-ad65-4b7f-ba14-aa72d56ee66f&ptid=3v7qbvk1qs&ypid=467188206&lid=197682950&tl=6&lsrc=SE&dest=http%3A%2F%2Fwww.d1588a917bf74315994497cf231425fc.sit,c.ypcdn.com,siding,"Nashville, TN",,"[""yellowpages""]",,,2025-10-08T06:07:13.881Z,2025-10-08T06:07:13.881Z
7276,A-Plus Roofing & Siding,https://aplusroofings.com/about,aplusroofings.com,siding,"Nashville, TN",,"[""yellowpages""]",,,2025-10-08T06:07:13.881Z,2025-10-08T06:07:13.881Z
7277,Blair's Inc,http://www.blairsinc.com,blairsinc.com,siding,"Nashville, TN",,"[""yellowpages""]",,,2025-10-08T06:07:13.881Z,2025-10-08T06:07:13.881Z
7278,Abston Exteriors,http://www.abstonexteriors.com,abstonexteriors.com,siding,"Nashville, TN",,"[""yellowpages""]",,,2025-10-08T06:07:13.881Z,2025-10-08T06:07:13.881Z
7279,Insulation Solutions of TN,https://www.insulationsolutionstn.com,insulationsolutionstn.com,siding,"Nashville, TN",,"[""yellowpages""]",,,2025-10-08T06:07:13.882Z,2025-10-08T06:07:13.882Z
7280,Trademark Exteriors Inc,http://www.trademarkexteriorsinc.com,trademarkexteriorsinc.com,siding,"Nashville, TN",,"[""yellowpages""]",,,2025-10-08T06:07:13.882Z,2025-10-08T06:07:13.882Z
7281,Armor Roofing,http://www.armorroofing.com,armorroofing.com,siding,"Nashville, TN",,"[""yellowpages""]",,,2025-10-08T06:07:13.882Z,2025-10-08T06:07:13.882Z
7282,General Insulation,http://www.generalinsulation.com,generalinsulation.com,siding,"Nashville, TN",,"[""yellowpages""]",,,2025-10-08T06:07:13.882Z,2025-10-08T06:07:13.882Z
7283,Arrow Roofing & Solar,https://arrowroofingandsolar.biz,arrowroofingandsolar.biz,siding,"Nashville, TN",,"[""yellowpages""]",,,2025-10-08T06:07:13.882Z,2025-10-08T06:07:13.882Z
7284,Hutson Roofing,http://www.hutsonroofing.com,hutsonroofing.com,siding,"Nashville, TN",,"[""yellowpages""]",,,2025-10-08T06:07:13.882Z,2025-10-08T06:07:13.882Z
7285,Universal Windows Direct,https://www.universalwindowsdirect.com,universalwindowsdirect.com,siding,"Nashville, TN",,"[""yellowpages""]",,,2025-10-08T06:07:13.882Z,2025-10-08T06:07:13.882Z
7286,Xtreme Exteriors,https://xesiding.com/goodlettsville,xesiding.com,siding,"Nashville, TN",,"[""yellowpages""]",,,2025-10-08T06:07:13.882Z,2025-10-08T06:07:13.882Z
7287,Stewart Exteriors LLC,https://stewartexteriorsllc.com,stewartexteriorsllc.com,siding,"Nashville, TN",,"[""yellowpages""]",,,2025-10-08T06:07:13.882Z,2025-10-08T06:07:13.883Z
7288,Top Down Roofing,https://topdownroofing.com/services,topdownroofing.com,siding,"Nashville, TN",,"[""yellowpages""]",,,2025-10-08T06:07:13.883Z,2025-10-08T06:07:13.883Z
7289,All Star Roofing,http://allstarroofingllc.com,allstarroofingllc.com,siding,"Nashville, TN",,"[""yellowpages""]",,,2025-10-08T06:07:13.883Z,2025-10-08T06:07:13.883Z
7290,Alside,https://www.alside.com,alside.com,siding,"Nashville, TN",,"[""yellowpages""]",,,2025-10-08T06:07:13.883Z,2025-10-08T06:07:13.883Z
7291,Lansing Building Products,http://www.lansingbp.com,lansingbp.com,siding,"Nashville, TN",,"[""yellowpages""]",,,2025-10-08T06:07:13.883Z,2025-10-08T06:07:13.883Z
7292,MAXWALLPRO LLC,http://www.maxwallpro.com,maxwallpro.com,siding,"Nashville, TN",,"[""yellowpages""]",,,2025-10-08T06:07:13.883Z,2025-10-08T06:07:13.883Z
7293,Commercial Roofing Specialties Inc,http://www.crssupply.com,crssupply.com,siding,"Nashville, TN",,"[""yellowpages""]",,,2025-10-08T06:07:13.884Z,2025-10-08T06:07:13.884Z
7294,Midway Wholesale,http://www.midwaywholesale.com,midwaywholesale.com,siding,"Nashville, TN",,"[""yellowpages""]",,,2025-10-08T06:07:13.884Z,2025-10-08T06:07:13.884Z
7295,Norandex Inc,http://www.norandex.com,norandex.com,siding,"Nashville, TN",,"[""yellowpages""]",,,2025-10-08T06:07:13.884Z,2025-10-08T06:07:13.884Z
7296,Lansing Building Products,http://www.lansingbuildingproducts.com,lansingbuildingproducts.com,siding,"Nashville, TN",,"[""yellowpages""]",,,2025-10-08T06:07:13.884Z,2025-10-08T06:07:13.884Z
7297,ABC Supply Co Inc,http://americanwholesale.com,americanwholesale.com,siding,"Nashville, TN",,"[""yellowpages""]",,,2025-10-08T06:07:13.884Z,2025-10-08T06:07:13.884Z
7298,Kay Can,http://kaycan.com,kaycan.com,siding,"Nashville, TN",,"[""yellowpages""]",,,2025-10-08T06:07:13.884Z,2025-10-08T06:07:13.884Z
9566,Mid State Door & Window Co,http://www.midstatedoorandwindow.com/,midstatedoorandwindow.com,windows,"Nashville, TN",,"[""yellowpages""]",,,2025-10-08T06:22:13.345Z,2025-10-08T06:22:13.345Z
9567,Sterling Window Systems,https://sterlingwindows.com/,sterlingwindows.com,windows,"Nashville, TN",,"[""yellowpages""]",,,2025-10-08T06:22:13.347Z,2025-10-08T06:22:13.347Z
9568,Universal Windows Direct,https://www.universalwindowsdirect.com,universalwindowsdirect.com,windows,"Nashville, TN",,"[""yellowpages""]",,,2025-10-08T06:22:13.347Z,2025-10-08T06:22:13.347Z
9569,Mid South Exteriors,http://midsouthexteriors.com,midsouthexteriors.com,windows,"Nashville, TN",,"[""yellowpages""]",,,2025-10-08T06:22:13.347Z,2025-10-08T06:22:13.347Z
9570,Window Fitters,http://www.123windows.net,123windows.net,windows,"Nashville, TN",,"[""yellowpages""]",,,2025-10-08T06:22:13.347Z,2025-10-08T06:22:13.347Z
9571,Champion Windows & Home Exteriors of Nashville,http://www.championwindow.com/service/?lpc=ENG-Listings-Yellow-Pages-Nashville&source=ol-ylp01&utm_medium=local&utm_source=yellowpages&utm_content=schedule&utm_campaign=Nashville,championwindow.com,windows,"Nashville, TN",,"[""yellowpages""]",,,2025-10-08T06:22:13.348Z,2025-10-08T06:22:13.348Z
9572,Clinard Home Improvement,http://www.clinardhome.com,clinardhome.com,windows,"Nashville, TN",,"[""yellowpages""]",,,2025-10-08T06:22:13.348Z,2025-10-08T06:22:13.348Z
9573,Prodigy Showroom,http://prodigyav.com,prodigyav.com,windows,"Nashville, TN",,"[""yellowpages""]",,,2025-10-08T06:22:13.348Z,2025-10-08T06:22:13.348Z
9574,Builder's Window Supply Inc,http://www.bwsnashville.com,bwsnashville.com,windows,"Nashville, TN",,"[""yellowpages""]",,,2025-10-08T06:22:13.349Z,2025-10-08T06:22:13.349Z
9575,Window World of Middle Tennessee,https://www.nashvillereplacementwindows.com,nashvillereplacementwindows.com,windows,"Nashville, TN",,"[""yellowpages""]",,,2025-10-08T06:22:13.349Z,2025-10-08T06:22:13.349Z
9576,Window WRLD Nshvlle Mddle Tenn,https://www.windowworld.com/stores/tennessee/nashville,windowworld.com,windows,"Nashville, TN",,"[""yellowpages""]",,,2025-10-08T06:22:13.349Z,2025-10-08T06:22:13.349Z
9577,Zinga's Nashville,https://zingashome.com,zingashome.com,windows,"Nashville, TN",,"[""yellowpages""]",,,2025-10-08T06:22:13.349Z,2025-10-08T06:22:13.349Z
9578,Pinnacle Home Improvements,https://pinnaclehomeimprovements.com/tennessee/nashville,pinnaclehomeimprovements.com,windows,"Nashville, TN",,"[""yellowpages""]",,,2025-10-08T06:22:13.350Z,2025-10-08T06:22:13.350Z
9579,Window Nation,https://www.windownation.com/tn/nashville/nashville-tennessee-237-ellery-court?utm_code=CMP-08802-Y8W8G&utm_source=google&utm_medium=organic&utm_content=GMB_showroom,windownation.com,windows,"Nashville, TN",,"[""yellowpages""]",,,2025-10-08T06:22:13.350Z,2025-10-08T06:22:13.350Z
9580,Window City Inc,http://windowcityinc.com,windowcityinc.com,windows,"Nashville, TN",,"[""yellowpages""]",,,2025-10-08T06:22:13.350Z,2025-10-08T06:22:13.350Z
9581,Blinds Direct,http://www.blindsdirecttn.com,blindsdirecttn.com,windows,"Nashville, TN",,"[""yellowpages""]",,,2025-10-08T06:22:13.350Z,2025-10-08T06:22:13.350Z
9582,Replacement Window Ctr-Middle,https://www.replacementwindowcenter.com/dealers/replacement-window-center-of-nashville,replacementwindowcenter.com,windows,"Nashville, TN",,"[""yellowpages""]",,,2025-10-08T06:22:13.350Z,2025-10-08T06:22:13.350Z
9583,USA Building Products,https://www.usabuildingproducts.com,usabuildingproducts.com,windows,"Nashville, TN",,"[""yellowpages""]",,,2025-10-08T06:22:13.350Z,2025-10-08T06:22:13.350Z
9584,Window Depot,http://www.windowdepotnashville.com,windowdepotnashville.com,windows,"Nashville, TN",,"[""yellowpages""]",,,2025-10-08T06:22:13.350Z,2025-10-08T06:22:13.350Z
9585,Dale Incorporated,http://daleinc.net,daleinc.net,windows,"Nashville, TN",,"[""yellowpages""]",,,2025-10-08T06:22:13.350Z,2025-10-08T06:22:13.350Z
9586,Restoration Hardware,http://restorationhardware.com,restorationhardware.com,windows,"Nashville, TN",,"[""yellowpages""]",,,2025-10-08T06:22:13.351Z,2025-10-08T06:22:13.351Z
9587,Vintage Millworks Inc,http://www.vintage-millworks.com,vintage-millworks.com,windows,"Nashville, TN",,"[""yellowpages""]",,,2025-10-08T06:22:13.351Z,2025-10-08T06:22:13.351Z
9588,Alside,https://www.alside.com,alside.com,windows,"Nashville, TN",,"[""yellowpages""]",,,2025-10-08T06:22:13.351Z,2025-10-08T06:22:13.351Z
9589,Music City Roofers,http://www.musiccityroofers.com,musiccityroofers.com,windows,"Nashville, TN",,"[""yellowpages""]",,,2025-10-08T06:22:13.351Z,2025-10-08T06:22:13.351Z
9590,Lansing Building Products,http://www.lansingbp.com,lansingbp.com,windows,"Nashville, TN",,"[""yellowpages""]",,,2025-10-08T06:22:13.352Z,2025-10-08T06:22:13.352Z
9591,Mr. Roof Nashville,https://www.mrroof.com/nashville,mrroof.com,windows,"Nashville, TN",,"[""yellowpages""]",,,2025-10-08T06:22:13.352Z,2025-10-08T06:22:13.352Z
9592,Renewal by Andersen of Nashville,https://www.rbanashville.com,rbanashville.com,windows,"Nashville, TN",,"[""yellowpages""]",,,2025-10-08T06:22:13.352Z,2025-10-08T06:22:13.352Z
9593,Clark Hall Doors and Windows,https://clarkhalldoors.com/nashville-location,clarkhalldoors.com,windows,"Nashville, TN",,"[""yellowpages""]",,,2025-10-08T06:22:13.352Z,2025-10-08T06:22:13.352Z
9594,Shade Custom Blinds,http://www.shadecustomblinds.com,shadecustomblinds.com,windows,"Nashville, TN",,"[""yellowpages""]",,,2025-10-08T06:22:13.352Z,2025-10-08T06:22:13.352Z
9595,All Phase Guttering,http://allphaseguttering.com,allphaseguttering.com,windows,"Nashville, TN",,"[""yellowpages""]",,,2025-10-08T06:22:13.352Z,2025-10-08T06:22:13.352Z
9596,Superior Distribution,http://superiordistribution.net,superiordistribution.net,windows,"Nashville, TN",,"[""yellowpages""]",,,2025-10-08T06:22:13.352Z,2025-10-08T06:22:13.352Z
9597,Madison Glass Co,https://www.madisonglasscompany.com/contact-us,madisonglasscompany.com,windows,"Nashville, TN",,"[""yellowpages""]",,,2025-10-08T06:22:13.352Z,2025-10-08T06:22:13.352Z
9598,All Star Glass,https://www.autoglassnow.com,autoglassnow.com,windows,"Nashville, TN",,"[""yellowpages""]",,,2025-10-08T06:22:13.353Z,2025-10-08T06:22:13.353Z
9599,Hutson Roofing,http://www.hutsonroofing.com,hutsonroofing.com,windows,"Nashville, TN",,"[""yellowpages""]",,,2025-10-08T06:22:13.353Z,2025-10-08T06:22:13.353Z
9600,Best Choice Windows and Doors,http://www.bestchoicerestoration.com,bestchoicerestoration.com,windows,"Nashville, TN",,"[""yellowpages""]",,,2025-10-08T06:22:13.353Z,2025-10-08T06:22:13.353Z
9601,Solar Insulation Window Films,http://www.citysearch.com/profile/9328916/nashville_tn/solar_insulation_inc_.html,citysearch.com,windows,"Nashville, TN",,"[""yellowpages""]",,,2025-10-08T06:22:13.353Z,2025-10-08T06:22:13.353Z
9602,Thermax Windows,http://thermaxwindows.com,thermaxwindows.com,windows,"Nashville, TN",,"[""yellowpages""]",,,2025-10-08T06:22:13.353Z,2025-10-08T06:22:13.353Z
9603,Sears Home Improvement Roofing Systems,https://www.searshomeservices.com/improve/roofing-replacement?SID=5304&PID=11&utm_source=iyp&utm_medium=iyp&utm_campaign=Roofing,searshomeservices.com,windows,"Nashville, TN",,"[""yellowpages""]",,,2025-10-08T06:22:13.354Z,2025-10-08T06:22:13.354Z
9604,Unlimited Window,http://unlimitedwindowsinc.com,unlimitedwindowsinc.com,windows,"Nashville, TN",,"[""yellowpages""]",,,2025-10-08T06:22:13.354Z,2025-10-08T06:22:13.354Z
9605,American Home Design,http://www.americanhomedesign.com,americanhomedesign.com,windows,"Nashville, TN",,"[""yellowpages""]",,,2025-10-08T06:22:13.354Z,2025-10-08T06:22:13.354Z
9606,5 Starz Window Tint and Car Audio,https://www.5starztint.com,5starztint.com,windows,"Nashville, TN",,"[""yellowpages""]",,,2025-10-08T06:22:13.354Z,2025-10-08T06:22:13.354Z
9607,Frontier Basement Systems,https://www.frontierbasementsystems.com,frontierbasementsystems.com,windows,"Nashville, TN",,"[""yellowpages""]",,,2025-10-08T06:22:13.354Z,2025-10-08T06:22:13.354Z
9608,Made in the Shade Nashville,https://mitsnashville.com,mitsnashville.com,windows,"Nashville, TN",,"[""yellowpages""]",,,2025-10-08T06:22:13.354Z,2025-10-08T06:22:13.354Z
9609,Budget Blinds of Mount Juliet and Brentwood,https://budgetblinds.com/mountjuliet,budgetblinds.com,windows,"Nashville, TN",,"[""yellowpages""]",,,2025-10-08T06:22:13.354Z,2025-10-08T06:22:13.355Z
9610,The Well Dressed Window - Tennessee,https://thewelldressedwindowil.com,thewelldressedwindowil.com,windows,"Nashville, TN",,"[""yellowpages""]",,,2025-10-08T06:22:13.355Z,2025-10-08T06:22:13.355Z
9611,Nashville Commercial Window & Door,https://nashvillecwad.com,nashvillecwad.com,windows,"Nashville, TN",,"[""yellowpages""]",,,2025-10-08T06:22:13.356Z,2025-10-08T06:22:13.356Z
9612,Top to Bottom Home Repair,http://www.ttbhomerepair.com,ttbhomerepair.com,windows,"Nashville, TN",,"[""yellowpages""]",,,2025-10-08T06:22:13.356Z,2025-10-08T06:22:13.356Z
9613,Brentwood Window Replacement,https://brentwoodwindowreplacement.com,brentwoodwindowreplacement.com,windows,"Nashville, TN",,"[""yellowpages""]",,,2025-10-08T06:22:13.357Z,2025-10-08T06:22:13.357Z
9614,Blinds & Designs,http://www.blinds-designs.com,blinds-designs.com,windows,"Nashville, TN",,"[""yellowpages""]",,,2025-10-08T06:22:13.357Z,2025-10-08T06:22:13.357Z
9615,Gotcha Covered of Cool Springs,https://www.gotchacovered.com/cool-springs,gotchacovered.com,windows,"Nashville, TN",,"[""yellowpages""]",,,2025-10-08T06:22:13.357Z,2025-10-08T06:22:13.357Z